,ID,GenderTypeID,ParliamentaryName,PersonID,RegionID,ValidFromDate,ValidUntilDate,ElectionStatusID,ElectionReasonDateID,Notes
1,216,Female,"Elder, Dorothy-Grace",1762,Glasgow,1999-05-06T00:00:00,2003-03-31T23:59:59,Not Current,3,
2,197,Female,"Hyslop, Fiona",1773,Lothians,1999-05-06T00:00:00,2003-03-31T23:59:59,Not Current,3,
3,171,Female,"McLeod, Fiona",1775,West of Scotland,1999-05-06T00:00:00,2003-03-31T23:59:59,Not Current,3,
4,188,Female,"McGugan, Irene",1781,North East Scotland,1999-05-06T00:00:00,2003-03-31T23:59:59,Not Current,3,BBC
5,172,Female,"Ullrich, Kay",1811,West of Scotland,1999-05-06T00:00:00,2003-03-31T23:59:59,Not Current,3,
6,135,Female,"Fabiani, Linda",1814,Central Scotland,1999-05-06T00:00:00,2003-03-31T23:59:59,Not Current,3,"elected 06 may 1999\r\n\r\nStood at local elections in 1992, 1997, 1998 and 1999."
7,82,Female,"Macmillan, Maureen",1840,Highlands and Islands,1999-05-06T00:00:00,2003-03-31T23:59:59,Not Current,3,elected 06 may 1999
8,217,Female,"Sturgeon, Nicola",1848,Glasgow,1999-05-06T00:00:00,2003-03-31T23:59:59,Not Current,3,BBC
9,181,Female,"Robison, Shona",1870,North East Scotland,1999-05-06T00:00:00,2003-03-31T23:59:59,Not Current,3,
10,194,Female,"Marwick, Tricia",1876,Mid Scotland and Fife,1999-05-06T00:00:00,2003-03-31T23:59:59,Not Current,3,
11,208,Female,"Ewing, Dr Winnie",1878,Highlands and Islands,1999-05-06T00:00:00,2003-03-31T23:59:59,Not Current,3,
12,175,Male,"Ingram, Adam",1882,South of Scotland,1999-05-06T00:00:00,2003-03-31T23:59:59,Not Current,3,
13,34,Male,"Fergusson, Alex",1892,South of Scotland,1999-05-06T00:00:00,2003-03-31T23:59:59,Not Current,3,
14,224,Male,"Neil, Alex",1894,Central Scotland,1999-05-06T00:00:00,2003-03-31T23:59:59,Not Current,3,
15,215,Male,"Wilson, Andrew",1907,Central Scotland,1999-05-06T00:00:00,2003-03-31T23:59:59,Not Current,3,
16,38,Male,"Wallace, Ben",1916,North East Scotland,1999-05-06T00:00:00,2003-03-31T23:59:59,Not Current,3,
17,190,Male,"Adam, Brian",1926,North East Scotland,1999-05-06T00:00:00,2003-03-31T23:59:59,Not Current,3,
18,185,Male,"Muldoon, Bristow",1932,Mid Scotland and Fife,1999-05-06T00:00:00,2003-03-31T23:59:59,Not Current,3,
19,155,Male,"Ballance, Chris",1950,West of Scotland,1999-05-06T00:00:00,2003-03-31T23:59:59,Not Current,3,
20,45,Male,"Campbell, Colin",1956,North East Scotland,1999-05-06T00:00:00,2003-03-31T23:59:59,Not Current,3,
21,207,Male,"Gorrie, Donald",1985,Highlands and Islands,1999-05-06T00:00:00,2003-03-31T23:59:59,Not Current,3,
22,187,Male,"Brocklebank, Ted",2005,Mid Scotland and Fife,1999-05-06T00:00:00,2003-03-31T23:59:59,Not Current,3,
23,57,Male,"Douglas-Hamilton, Lord James",2056,Lothians,1999-05-06T00:00:00,2003-03-31T23:59:59,Not Current,3,
24,29,Male,"Young, John",2099,West of Scotland,1999-05-06T00:00:00,2003-03-31T23:59:59,Not Current,3,Replaced by Derek Brownlee
25,44,Male,"Harding, Mr Keith",2105,Mid Scotland and Fife,1999-05-06T00:00:00,2003-03-31T23:59:59,Not Current,3,elected 06 may 1999
26,131,Male,"Raffan, Mr Keith",2106,Mid Scotland and Fife,1999-05-06T00:00:00,2003-03-31T23:59:59,Not Current,3,BBC
27,214,Male,"Gibson, Kenneth",2110,Glasgow,1999-05-06T00:00:00,2003-03-31T23:59:59,Not Current,3,
28,192,Male,"MacAskill, Kenny",2112,Lothians,1999-05-06T00:00:00,2003-03-31T23:59:59,Not Current,3,
29,157,Male,"Quinan, Mr Lloyd",2118,West of Scotland,1999-05-06T00:00:00,2003-03-31T23:59:59,Not Current,3,elected 06 may 1999\r\n\r\nStood as candidate for Deputy Presiding Officer.\r\n\r\n\r\nLocal:\r\nMember of Glasgow council for 35 years\r\n\r\nWestminster:\r\nContested Rutherglen in 1966 and Cathcart in 1992
30,6,Female,"McIntosh, Mrs Lyndsay",2122,Central Scotland,1999-05-06T00:00:00,2003-03-31T23:59:59,Not Current,3,
31,222,Male,"Matheson, Michael",2133,Central Scotland,1999-05-06T00:00:00,2003-03-31T23:59:59,Not Current,3,
32,167,Male,"Russell, Michael",2135,South of Scotland,1999-05-06T00:00:00,2003-03-31T23:59:59,Not Current,3,
33,53,Male,"Johnston, Nick",2152,Mid Scotland and Fife,1999-05-06T00:00:00,2001-08-10T23:59:59,Not Current,4,elected 06 may 1999\r\n\r\nStood as candidate at the following elections:\r\n\r\nLocal:\r\nTroon South and West By-election 1987\r\nDistrict elections 1988 and 1992 (KCDC)\r\nKilwinning East (1980) and Irvine  Landward (1984) in Cunninghame District\r\n\r\nWestminster:\r\nGlasgow (Hillhead) 1983 (Conservative)\r\nAyr in Oct 1974 (Liberal)
34,79,Male,"Peacock, Peter",2167,Highlands and Islands,1999-05-06T00:00:00,2003-03-31T23:59:59,Not Current,3,elected 06 may 1999\r\n\r\nStood as candidate at the following elections:\r\n\r\nLocal:\r\nSouth Ayrshire (1995 South Carrick Ward)
35,179,Male,"Lochhead, Richard",2180,North East Scotland,1999-05-06T00:00:00,2003-03-31T23:59:59,Not Current,3,elected 06 may 1999\r\n\r\nLocal:\r\nMember of Annandale & Eskdale District Council for Lockerbie 1984-86.\r\nMember of Dumfries and Galloway Regional Council 1986-87.
36,120,Male,"Brown, Robert",2185,Glasgow,1999-05-06T00:00:00,2003-03-31T23:59:59,Not Current,3,BBC
37,70,Male,"Harper, Robin",2188,Lothians,1999-05-06T00:00:00,2003-03-31T23:59:59,Not Current,3,
38,229,Male,"Sheridan, Tommy",2225,Glasgow,1999-05-06T00:00:00,2003-03-31T23:59:59,Not Current,3,elected 06 may 1999
39,7,Male,"Aitken, Bill",2234,Glasgow,1999-05-06T00:00:00,2003-03-31T23:59:59,Not Current,3,BBC
40,129,Male,"Steel, Sir David",2263,Lothians,1999-05-06T00:00:00,2003-03-31T23:59:59,Not Current,3,
41,173,Female,"Grahame, Christine",1756,South of Scotland,2003-05-01T00:00:00,2007-04-02T23:59:59,Not Current,3,"elected 06 may 1999\r\n\r\nStood as candidate at the following elections:\r\n\r\nLocal:\r\nCunninghame DC West Kilbride 1980\r\n\r\nWestminster:\r\nCunninghame South 1985\r\nDunfermline West 1987\r\nAyr 1992, 97"
42,68,Female,"Scott, Eleanor",1771,Highlands and Islands,2003-05-01T00:00:00,2007-04-02T23:59:59,Not Current,3,
43,1,Female,"MacDonald, Margo",1828,Lothians,2003-05-01T00:00:00,2007-04-02T23:59:59,Not Current,3,
44,105,Female,"Glen, Marlyn",1831,North East Scotland,2003-05-01T00:00:00,2007-04-02T23:59:59,Not Current,3,elected 06 may 1999\r\n\r\nResigned as Conservative 31/03/03 no known start date as Conservative Party member
45,74,Female,"Baird, Shiona",1869,North East Scotland,2003-05-01T00:00:00,2007-04-02T23:59:59,Not Current,3,elected 06 may 1999\r\n\r\nLocal:\r\nElected to Stirling Council (Trossachs Ward) in 1995.
46,169,Male,"Morgan, Alasdair",1888,South of Scotland,2003-05-01T00:00:00,2007-04-02T23:59:59,Not Current,3,BBC
47,48,Male,"Monteith, Mr Brian",1930,Mid Scotland and Fife,2003-05-01T00:00:00,2007-04-02T23:59:59,Not Current,3,elected 06 may 1999
48,75,Male,"Brodie, Chic",1944,South of Scotland,2003-05-01T00:00:00,2007-04-02T23:59:59,Not Current,3,Resignation from Conservative Party 8/11/2005
49,24,Male,"McLetchie, David",1962,South of Scotland,2003-05-01T00:00:00,2005-06-17T23:59:59,Not Current,4,
50,117,Male,"Petrie, Dave",1973,Central Scotland,2003-05-01T00:00:00,2007-04-02T23:59:59,Not Current,3,elected 14 aug 2001\r\n\r\nElected following resignation of former member for Mid-Scotland and Fife (Nick Johnston). Origonal list position during May 1999 general election was 4.
51,42,Male,"Hamilton, Mr Duncan",1988,Mid Scotland and Fife,2003-05-01T00:00:00,2007-04-02T23:59:59,Not Current,3,
52,204,Male,"Mather, Jim",2074,Highlands and Islands,2003-05-01T00:00:00,2007-04-02T23:59:59,Not Current,3,
53,69,Male,"Ballard, Mark",2126,Lothians,2003-05-01T00:00:00,2007-04-02T23:59:59,Not Current,3,elected 06 may 1999
54,73,Male,"Ruskell, Mark",2127,Mid Scotland and Fife,2003-05-01T00:00:00,2007-04-02T23:59:59,Not Current,3,
55,18,Male,"Tosh, Murray",2148,West of Scotland,2003-05-01T00:00:00,2007-04-02T23:59:59,Not Current,3,
56,30,Male,"Gallie, Phil",2172,South of Scotland,2003-05-01T00:00:00,2007-04-02T23:59:59,Not Current,3,elected 06 may 1999\r\n\r\nWestminster:\r\nStood as candidate for Edinburgh Central 1979.
57,231,Female,"Kane, Rosie",2201,Glasgow,2003-05-01T00:00:00,2007-04-02T23:59:59,Not Current,3,"elected 06 may 1999\r\n\r\nStood as candidate at the following elections:\r\n\r\nLocal:\r\nHamilton 1974\r\n79, 83\r\n1987, 92, 97 Edinburgh West"
58,123,Male,"Finnie, Ross",2202,West of Scotland,2003-05-01T00:00:00,2007-04-02T23:59:59,Not Current,3,
59,233,Female,"Byrne, Ms Rosemary",2665,South of Scotland,2003-05-01T00:00:00,2007-04-02T23:59:59,Not Current,3,elected 06 may 1999
60,227,Male,"Swinburne, John",2686,Central Scotland,2003-05-01T00:00:00,2007-04-02T23:59:59,Not Current,3,"elected 06 may 1999\r\n\r\nStood as candidate at the following elections:\r\n\r\nLocal:\r\n\r\nDistrict Council Elections 1988\r\nWest Ferry Ward, May 1988, Dundee\r\n\r\nWestminster:\r\n\r\n1992 North East Fife\r\n1997 Inverness East, Nairn and Lochaber"
61,234,Female,"Curran, Frances",2767,West of Scotland,2003-05-01T00:00:00,2007-04-02T23:59:59,Not Current,3,BBC
62,228,Female,"Leckie, Carolyn",2902,Central Scotland,2003-05-01T00:00:00,2007-04-02T23:59:59,Not Current,3,
63,162,Male,"McFee, Mr Bruce",2947,West of Scotland,2003-05-01T00:00:00,2007-04-02T23:59:59,Not Current,3,
64,232,Male,"Fox, Colin",3004,Lothians,2003-05-01T00:00:00,2007-04-02T23:59:59,Not Current,3,elected 06 may 1999\r\n\r\nWestminster:\r\nStood as candidate for Western Isles 1997\r\n\r\nEurope:\r\nStood in 1999
65,4,Female,"Mitchell, Margaret",3061,Central Scotland,2003-05-01T00:00:00,2007-04-02T23:59:59,Not Current,3,BBC
66,163,Male,"Martin, Campbell",3103,West of Scotland,2003-05-01T00:00:00,2007-04-02T23:59:59,Not Current,3,
67,130,Male,"Arbuckle, Mr Andrew",2247,Mid Scotland and Fife,2005-01-10T00:00:00,2007-04-02T23:59:59,Not Current,3,BBC
68,31,Male,"Brownlee, Derek",2596,South of Scotland,2005-06-17T00:00:00,2007-04-02T23:59:59,Not Current,3,BBC
69,182,Female,"Watt, Maureen",1841,North East Scotland,2006-04-18T00:00:00,2007-04-02T23:59:59,Not Current,3,
70,63,Male,"Mundell, David",1963,Highlands and Islands,2006-04-18T00:00:00,2007-04-02T23:59:59,Not Current,3,elected 06 may 1999\r\n\r\nFirst Green MSP\r\n\r\nStood as candidate at the following elections:\r\n\r\nLocal:\r\n\r\nTollcross (Ed District) 1986\r\nSt Giles (Ed District) 1990\r\n\r\nWestminster:\r\n\r\nEdinburgh Central 1992\r\nEdinburgh Pentland 1997\r\nPerth (By-election) 1996\r\n\r\nEuropean:\r\n\r\nLothian 1989\r\nLothian 1994\r\nN.E Scotland (By-election) 1998
71,209,Female,"White, Sandra",1865,Glasgow,2007-05-03T00:00:00,2011-03-22T23:59:59,Not Current,3,
72,213,Male,"Ahmad, Bashir",1915,Glasgow,2007-05-03T00:00:00,2009-02-06T23:59:59,Not Current,1,
73,161,Male,"Wilson, Bill",1921,West of Scotland,2007-05-03T00:00:00,2011-03-22T23:59:59,Not Current,3,
74,156,Male,"Reid, Mr George",2010,West of Scotland,2007-05-03T00:00:00,2011-03-22T23:59:59,Not Current,3,BBC
75,118,Male,"O'Donnell, Hugh",2030,Central Scotland,2007-05-03T00:00:00,2011-03-22T23:59:59,Not Current,3,
76,191,Male,"McKee, Ian",2049,Lothians,2007-05-03T00:00:00,2011-03-22T23:59:59,Not Current,3,
77,140,Male,"Wilson, John",2610,Central Scotland,2007-05-03T00:00:00,2011-03-22T23:59:59,Not Current,3,
78,205,Male,"Thompson, Dave",2674,Highlands and Islands,2007-05-03T00:00:00,2011-03-22T00:00:00,Not Current,3,
79,203,Male,"Gibson, Rob",2675,Highlands and Islands,2007-05-03T00:00:00,2011-03-22T23:59:59,Not Current,3,elected 06 may 1999
80,66,Male,"Harvie, Patrick",2892,Glasgow,2007-05-03T00:00:00,2011-03-22T23:59:59,Not Current,3,BBC
81,211,Male,"Kidd, Bill",3129,Glasgow,2007-05-03T00:00:00,2011-03-22T23:59:59,Not Current,3,
82,189,Male,"Don, Nigel",3743,North East Scotland,2007-05-03T00:00:00,2011-03-22T23:59:59,Not Current,3,elected 06 may 1999
83,196,Male,"Harvie, Christopher",3746,Mid Scotland and Fife,2007-05-03T00:00:00,2011-03-22T00:00:00,Not Current,3,BBC
84,201,Male,"Tymkewycz, Stefan",3749,Lothians,2007-05-03T00:00:00,2007-08-31T23:59:59,Not Current,4,
85,138,Male,"Hepburn, Jamie",3758,Central Scotland,2007-05-03T00:00:00,2011-03-22T23:59:59,Not Current,3,
86,139,Female,"McKelvie, Christina",3759,Central Scotland,2007-05-03T00:00:00,2011-03-22T23:59:59,Not Current,3,
87,178,Female,"Campbell, Aileen",3775,South of Scotland,2007-05-03T00:00:00,2011-03-22T23:59:59,Not Current,3,
88,78,Male,"Stewart, David",3806,Highlands and Islands,2007-05-03T00:00:00,2011-03-22T23:59:59,Not Current,3,
89,113,Male,"Foulkes, George",3811,Lothians,2007-05-03T00:00:00,2011-03-22T23:59:59,Not Current,3,
90,202,Female,"Somerville, Shirley-Anne",3750,Lothians,2007-08-31T00:00:00,2011-03-22T23:59:59,Not Current,3,
91,210,Female,"McLaughlin, Anne",2963,Glasgow,2009-02-09T00:00:00,2011-03-22T00:00:00,Not Current,3,
92,10,Female,"Goldie, Annabel",1741,West Scotland,2011-05-05T00:00:00,2016-03-23T23:59:59,Not Current,3,
93,154,Female,"Ewing, Annabelle",1742,Mid Scotland and Fife,2011-05-05T00:00:00,2016-03-23T23:59:59,Not Current,3,
94,91,Female,"Beamish, Claudia",1759,South Scotland,2011-05-05T00:00:00,2016-03-23T23:59:59,Not Current,3,
95,151,Female,"Urquhart, Jean",1793,Highlands and Islands,2011-05-05T00:00:00,2016-03-23T23:59:59,Not Current,3,
96,21,Female,"Scanlon, Mary",1839,Highlands and Islands,2011-05-05T00:00:00,2016-03-23T23:59:59,Not Current,3,
97,17,Female,"Milne, Nanette",1845,North East Scotland,2011-05-05T00:00:00,2016-03-23T23:59:59,Not Current,3,
98,104,Female,"Grant, Rhoda",1860,Highlands and Islands,2011-05-05T00:00:00,2016-03-23T23:59:59,Not Current,3,
99,93,Female,"Boyack, Sarah",1866,Lothian,2011-05-05T00:00:00,2016-03-23T23:59:59,Not Current,3,
100,16,Male,"Johnstone, Alex",1893,North East Scotland,2011-05-05T00:00:00,2016-03-23T23:59:59,Not Current,3,
101,145,Male,"Crawford, Bruce",1943,South Scotland,2011-05-05T00:00:00,2016-03-23T23:59:59,Not Current,3,
102,23,Male,"Davidson, Mr David",1961,Lothian,2011-05-05T00:00:00,2013-08-12T00:00:00,Not Current,1,
103,22,Male,"McGrigor, Jamie",2066,Highlands and Islands,2011-05-05T00:00:00,2016-03-23T23:59:59,Not Current,3,
104,90,Male,"Macdonald, Lewis",2117,North East Scotland,2011-05-05T00:00:00,2016-03-23T23:59:59,Not Current,3,
105,87,Male,"Simpson, Dr Richard",2182,Mid Scotland and Fife,2011-05-05T00:00:00,2016-03-23T23:59:59,Not Current,3,BBC
106,15,Male,"Fraser, Murdo",2394,Mid Scotland and Fife,2011-05-05T00:00:00,2016-03-23T23:59:59,Not Current,3,
107,146,Female,"McLeod, Aileen",2487,South Scotland,2011-05-05T00:00:00,2016-03-23T23:59:59,Not Current,3,BBC
108,12,Male,"Brown, Gavin",2595,Lothian,2011-05-05T00:00:00,2016-03-23T23:59:59,Not Current,3,
109,89,Male,"Baker, Richard",2603,North East Scotland,2011-05-05T00:00:00,2016-01-11T00:00:00,Not Current,4,
110,97,Female,"Baker, Claire",2633,Mid Scotland and Fife,2011-05-05T00:00:00,2016-03-23T23:59:59,Not Current,3,
111,11,Male,"Carlaw, Jackson",2678,West Scotland,2011-05-05T00:00:00,2016-03-23T23:59:59,Not Current,3,elected 06 may 1999
112,141,Male,"Maxwell, Stewart",2876,West Scotland,2011-05-05T00:00:00,2016-03-23T23:59:59,Not Current,3,
113,102,Male,"Malik, Hanzala",3101,Glasgow,2011-05-05T00:00:00,2016-03-23T23:59:59,Not Current,3,
114,142,Male,"McMillan, Stuart",3763,West Scotland,2011-05-05T00:00:00,2016-03-23T23:59:59,Not Current,3,
115,149,Male,"Doris, Bob",3771,Glasgow,2011-05-05T00:00:00,2016-03-23T23:59:59,Not Current,3,
116,94,Female,"Dugdale, Kezia",3812,Lothian,2011-05-05T00:00:00,2016-03-23T23:59:59,Not Current,3,
117,98,Male,"Park, John",3815,Mid Scotland and Fife,2011-05-05T00:00:00,2012-12-07T00:00:00,Not Current,4,BBC
118,84,Female,"McDougall, Margaret",3824,West Scotland,2011-05-05T00:00:00,2016-03-23T23:59:59,Not Current,3,
119,14,Female,"Smith, Liz",4014,Mid Scotland and Fife,2011-05-05T00:00:00,2016-03-23T23:59:59,Not Current,3,"elected 06 may 1999\r\n\r\nNot standing at next Westminster election\r\n\r\nLocal:\r\n\r\nElected Edinburgh District Council Corstorphine Ward 1971\r\nCouncillor for same area with various boundary changes for 26 years\r\n\r\nWestminster:\r\n\r\nContested West Edinburgh  1970, 1974 (twice) and 1992"
120,127,Female,"McInnes, Alison",4080,North East Scotland,2011-05-05T00:00:00,2016-03-23T23:59:59,Not Current,3,"elected 06 may 1999\r\n\r\nStood as candidate at the following elections:\r\n\r\nLocal:\r\n1977, 1980 Rutherglen South. Glasgow District Council\r\n1984, 1988 Fernhill. Glasgow District Council\r\n\r\nWestminster:\r\n1974, 79, 83, 87, 97 Rutherglen"
121,128,Male,"Hume, Jim",4086,South Scotland,2011-05-05T00:00:00,2016-03-23T23:59:59,Not Current,3,BBC
122,77,Female,"Johnstone, Alison",4934,Lothian,2011-05-05T00:00:00,2016-03-23T23:59:59,Not Current,3,
123,158,Male,"Lyle, Richard",4938,Central Scotland,2011-05-05T00:00:00,2016-03-23T23:59:59,Not Current,3,
124,159,Female,"Adamson, Clare",4940,Central Scotland,2011-05-05T00:00:00,2016-03-23T23:59:59,Not Current,3,
125,150,Male,"Yousaf, Humza",4941,Glasgow,2011-05-05T00:00:00,2016-03-23T23:59:59,Not Current,3,"elected 06 may 1999\r\n\r\n\r\nLocal:\r\n\r\n1977, 1980, 1984, 1992, 1995\r\n\r\nWestminster:\r\n\r\nWest Renfrewshire 1979\r\nStirling 1983"
126,152,Male,"Finnie, John",4947,Highlands and Islands,2011-05-05T00:00:00,2016-03-23T23:59:59,Not Current,3,
127,153,Male,"MacKenzie, Mike",4948,Highlands and Islands,2011-05-05T00:00:00,2016-03-23T23:59:59,Not Current,3,
128,147,Female,"McAlpine, Joan",4951,South Scotland,2011-05-05T00:00:00,2016-03-23T23:59:59,Not Current,3,
129,148,Male,"Wheelhouse, Paul",4952,South Scotland,2011-05-05T00:00:00,2016-03-23T23:59:59,Not Current,3,"elected 06 may 1999\r\n\r\nWestminster:\r\n\r\nElected member for Roxburgh, Selkirk and Peebles in 1965 by-election.\r\nRe-elected 1966, 1970, 1974, 1979, 1987 and 1992. (From 1983 represented Tweedale, Ettrick and Lauderdale as a result of boundary changes).\r\n\r\nTook his seat as Lord Steel of Aikwood in June 1997 when he became a Life Peer\r\n\r\nElected as Presiding Officer.\r\n\r\n\r\nEurope:\r\nStood for Central Italy in 1989"
130,143,Male,"McDonald, Mark",4964,North East Scotland,2011-05-05T00:00:00,2013-05-14T00:00:00,Not Current,4,
131,20,Female,"Davidson, Ruth",4976,Glasgow,2011-05-05T00:00:00,2016-03-23T23:59:59,Not Current,3,elected 06 may 1999
132,126,Male,"Rennie, Willie",5009,Mid Scotland and Fife,2011-05-05T00:00:00,2016-03-23T23:59:59,Not Current,3,
133,88,Female,"Marra, Jenny",5034,North East Scotland,2011-05-05T00:00:00,2016-03-23T23:59:59,Not Current,3,
134,99,Female,"McMahon, Siobhan",5041,Central Scotland,2011-05-05T00:00:00,2016-03-23T23:59:59,Not Current,3,
135,109,Male,"Griffin, Mark",5042,Central Scotland,2011-05-05T00:00:00,2016-03-23T23:59:59,Not Current,3,elected 06 may 1999
136,100,Female,"McTaggart, Anne",5047,Glasgow,2011-05-05T00:00:00,2016-03-23T23:59:59,Not Current,3,BBC
137,95,Male,"Findlay, Neil",5054,Lothian,2011-05-05T00:00:00,2016-03-23T23:59:59,Not Current,3,
138,92,Male,"Pearson, Graeme",5057,South Scotland,2011-05-05T00:00:00,2016-03-23T23:59:59,Not Current,3,
139,85,Female,"Fee, Mary",5059,West Scotland,2011-05-05T00:00:00,2016-03-23T23:59:59,Not Current,3,
140,86,Male,"Bibby, Neil",5060,West Scotland,2011-05-05T00:00:00,2016-03-23T23:59:59,Not Current,3,
141,101,Male,"Smith, Drew",5079,Glasgow,2011-05-05T00:00:00,2016-03-23T23:59:59,Not Current,3,
142,110,Female,"McCulloch, Margaret",5080,Central Scotland,2011-05-05T00:00:00,2016-03-23T23:59:59,Not Current,3,
143,96,Female,"Baxter, Jayne",5038,Mid Scotland and Fife,2012-12-08T00:00:00,2016-03-23T23:59:59,Not Current,3,
144,144,Male,"Allard, Christian",4965,North East Scotland,2013-05-14T00:00:00,2016-03-23T23:59:59,Not Current,3,
145,13,Male,"Buchanan, Cameron",4984,Lothian,2013-08-28T00:00:00,2016-03-23T23:59:59,Not Current,3,
146,235,Female,"Brennan, Lesley",5035,North East Scotland,2016-01-11T00:00:00,2016-03-23T23:59:59,Not Current,3,
147,274,Female,"Smith, Elaine",1769,Central Scotland,2016-05-05T00:00:00,2021-05-04T23:59:00,Not Current,3,
148,246,Female,"McNeill, Pauline",1857,Glasgow,2016-05-05T00:00:00,2021-05-04T23:59:00,Not Current,3,
149,241,Male,"Paterson, Gil",2015,Lothian,2016-05-05T00:00:00,2021-05-04T23:59:00,Not Current,3,
150,247,Male,"Kelly, James",2059,Glasgow,2016-05-05T00:00:00,2021-05-04T23:59:00,Not Current,3,
151,244,Female,"Lamont, Johann",2080,Glasgow,2016-05-05T00:00:00,2021-05-04T23:59:00,Not Current,3,
152,258,Male,"Macintosh, Ken",2108,West Scotland,2016-05-05T00:00:00,2021-05-04T23:59:00,Not Current,3,
153,277,Male,"Rumbles, Mike",2140,North East Scotland,2016-05-05T00:00:00,2021-05-04T23:59:00,Not Current,3,
154,259,Male,"Golden, Maurice",3983,West Scotland,2016-05-05T00:00:00,2021-05-04T23:59:00,Not Current,3,
155,299,Male,"Thomson, Ross",3985,North East Scotland,2016-05-05T00:00:00,2017-06-12T00:00:00,Not Current,4,elected 06 may 1999
156,288,Male,"Simpson, Graham",3994,Central Scotland,2016-05-05T00:00:00,2021-05-04T23:59:00,Not Current,3,
157,268,Male,"Ross, Douglas",4981,Highlands and Islands,2016-05-05T00:00:00,2017-06-11T00:00:00,Not Current,4,elected 06 may 1999
158,279,Male,"Mountain, Edward",4982,Highlands and Islands,2016-05-05T00:00:00,2021-05-04T23:59:00,Not Current,3,
159,239,Male,"Briggs, Miles",4987,Lothian,2016-05-05T00:00:00,2021-05-04T23:59:00,Not Current,3,
160,254,Male,"Rowley, Alex",5119,Mid Scotland and Fife,2016-05-05T00:00:00,2021-05-04T23:59:00,Not Current,3,
161,289,Male,"Leonard, Richard",5579,Central Scotland,2016-05-05T00:00:00,2021-05-04T23:59:00,Not Current,3,
162,290,Female,"Lennon, Monica",5580,Central Scotland,2016-05-05T00:00:00,2021-05-04T23:59:00,Not Current,3,BBC results
163,248,Male,"Sarwar, Anas",5586,Glasgow,2016-05-05T00:00:00,2021-05-04T23:59:00,Not Current,3,
164,284,Male,"Smyth, Colin",5638,South Scotland,2016-05-05T00:00:00,2021-05-04T23:59:00,Not Current,3,
165,283,Male,"Kerr, Liam",5651,North East Scotland,2016-05-05T00:00:00,2021-05-04T23:59:00,Not Current,3,
166,282,Female,"Todd, Maree",5669,Highlands and Islands,2016-05-05T00:00:00,2021-05-04T23:59:00,Not Current,3,
167,280,Male,"Cameron, Donald",5677,Highlands and Islands,2016-05-05T00:00:00,2021-05-04T23:59:00,Not Current,3,elected 06 may 1999\r\n\r\nLocal:\r\nStood as candidate for Carmichael in 1984.\r\nWestminster:\r\nStood as candidate for Clydesdale in 1987.\r\nDirector of General Election Campaign in 1997.\r\nDirector of European Election Campaign in 1999.
168,285,Male,"Chapman, Peter",5679,North East Scotland,2016-05-05T00:00:00,2021-05-04T23:59:00,Not Current,3,
169,242,Male,"Wightman, Andy",5695,Lothian,2016-05-05T00:00:00,2021-05-04T23:59:00,Not Current,3,
170,262,Male,"Greene, Jamie",5698,West Scotland,2016-05-05T00:00:00,2021-05-04T23:04:00,Not Current,3,
171,266,Male,"Corry, Maurice",5700,West Scotland,2016-05-05T00:00:00,2021-05-04T23:59:00,Not Current,3,"elected 06 may 1999\r\n\r\nStood as candidate at the following elections:\r\n\r\nLocal:\r\n\r\nBearsden and Milngavie District Council 1984, 88, 92\r\nStrathclyde Regional Council 1996"
172,267,Male,"Greer, Ross",5757,West Scotland,2016-05-05T00:00:00,2021-05-04T23:59:00,Not Current,3,"elected 06 may 1999\r\n\r\nWestminster:\r\nStood as candidate for Cunninghame South in 1983 and 1987, Motherwell South in 1992 and Monklands East in 1994(By-election)."
173,286,Female,"Hamilton, Rachael",5769,South Scotland,2016-05-05T00:00:00,2017-05-02T00:00:00,Not Current,4,
174,287,Female,"Harper, Emma",5771,South Scotland,2016-05-05T00:00:00,2021-05-04T23:59:00,Not Current,3,
175,292,Female,"Harris, Alison",5781,Central Scotland,2016-05-05T00:00:00,2021-05-04T23:59:00,Not Current,3,"elected 06 may 1999\r\n\r\nStood as candidate at the following elections:\r\n\r\nLocal:\r\nKilmarnock and Loudon District Council 1984, 1992"
176,249,Male,"Tomkins, Adam",5783,Glasgow,2016-05-05T00:00:00,2021-05-04T23:59:00,Not Current,3,
177,250,Female,"Wells, Annie",5788,Glasgow,2016-05-05T00:00:00,2021-05-04T23:59:00,Not Current,3,
178,291,Male,"Whittle, Brian",5793,South Scotland,2016-05-05T00:00:00,2021-05-04T23:59:00,Not Current,3,
179,256,Male,"Lockhart, Dean",5809,Mid Scotland and Fife,2016-05-05T00:00:00,2021-05-04T23:59:00,Not Current,3,elected 06 may 1999\r\n\r\nStood as candidate at the following elections:\r\n\r\nLocal:\r\nLogie Ward by-election 1993 (Stirling District Council)\r\n\r\nWestminster:\r\nGordon 1997
180,257,Male,"Stewart, Alexander",5866,Mid Scotland and Fife,2016-05-05T00:00:00,2021-05-04T23:59:00,Not Current,3,BBC
181,243,Male,"Balfour, Jeremy",5877,Lothian,2016-05-05T00:00:00,2021-05-04T23:59:00,Not Current,3,elected 06 may 1999
182,293,Male,"Bowman, Bill",6090,North East Scotland,2016-12-09T00:00:00,2021-05-04T23:59:00,Not Current,3,
183,295,Female,"Ballantyne, Michelle",5797,South Scotland,2017-05-17T00:00:00,2021-05-04T23:59:00,Not Current,3,
184,297,Male,"Mason, Tom",5929,North East Scotland,2017-06-15T00:00:00,2021-05-04T23:59:00,Not Current,3,"elected 06 may 1999\r\n\r\nHas changed her name to Christine GRAHAME since original candidate list\r\n\r\nWestminster:\r\n\r\nStood for election as member for Tweederdale, Ettrick and Lauderdale (1992)\r\n\r\nEurope:\r\n\r\nStood for South of Scotland (1999)"
185,296,Male,"Halcro Johnston, Jamie",5800,Highlands and Islands,2017-06-16T00:00:00,2021-05-04T23:59:00,Not Current,3,elected 06 may 1999\r\n\r\nStood as candidate at the following elections:\r\n\r\n1984 ‚Äì PERTH AND KINROSS DISTRICT COUNCIL\r\n1986 ‚Äì TAYSIDE REGION\r\n1988 ‚Äì PERTH AND KINROSS DISTRICT COUNCIL\r\n1992 - PERTH AND KINROSS DISTRICT COUNCIL\r\n1995 ‚Äì PERTH AND KINROSS COUNCIL
186,309,Male,"Kerr, Stephen",16193,Central Scotland,2021-05-06T00:00:00,,Current,,
187,310,Female,"Gallacher, Meghan",16194,Central Scotland,2021-05-06T00:00:00,,Current,,"elected 06 may 1999\r\n\r\nStood as candidate at the following elections:\r\n\r\nWestminster:\r\n1974 (Feb), 1974 (Oct), 1979 (Clackmannan and East Stirlingshire), 1997 (Ochil)\r\n\r\nEurope/other:\r\n1975-79 Member of parliamentary assemblies of Council of Europe and Western European Union\r\n\r\nStood as candidate for Presiding Officer.\r\nElected as Deputy Presiding Officer."
188,311,Female,"Mackay, Gillian",16195,Central Scotland,2021-05-06T00:00:00,,Current,,elected 06 may 1999
189,313,Female,"Burgess, Ariane",16196,Highlands and Islands,2021-05-06T00:00:00,,Current,,
190,314,Female,"Roddick, Emma",16197,Highlands and Islands,2021-05-06T00:00:00,,Current,,Elected MSP 06/05/99 \r\n\r\nStood as candidate at the following elections:\r\nLocal:\r\n1988 Middlefield/Aberdeen District\r\n1992 Middlefield/Aberdeen District\r\nWestminster:\r\nGordon 1992\r\nAberdeen North 1997
191,319,Male,"Sweeney, Paul",16198,Glasgow,2021-05-06T00:00:00,,Current,,
192,320,Female,"Duncan-Glancy, Pam",16199,Glasgow,2021-05-06T00:00:00,,Current,,"elected 06 may 1999\r\n\r\nContested Local Government electiond 1982 and 1990\r\n\r\nWestminster:\r\nContested Livingston 1883, 87, 92, 97\r\n\r\nEurope:\r\nContested Mid Scotland and Fife 1989"
193,321,Male,"Gulhane, Sandesh",16200,Glasgow,2021-05-06T00:00:00,,Current,,
194,327,Male,"Findlay, Russell",16201,West Scotland,2021-05-06T00:00:00,,Current,,
195,328,Female,"Clark, Katy",16202,West Scotland,2021-05-06T00:00:00,,Current,,
196,329,Male,"O'Kane, Paul",16203,West Scotland,2021-05-06T00:00:00,,Current,,
197,330,Female,"Gosal, Pam",16204,West Scotland,2021-05-06T00:00:00,,Current,,"elected 06 may 1999\r\n\r\nStood as candidate at the following elections:\r\n\r\nLocal:\r\nEdinburgh District and Caithness Region 1988, 90, 94\r\n\r\nWestminster:\r\nEdinburgh Leith 1992\r\nEdinburgh Central 1997"
198,338,Male,"Marra, Michael",16205,North East Scotland,2021-05-06T00:00:00,,Current,,
199,339,Male,"Lumsden, Douglas",16206,North East Scotland,2021-05-06T00:00:00,,Current,,
200,340,Female,"Chapman, Maggie",16207,North East Scotland,2021-05-06T00:00:00,,Current,,elected 06 may 1999
201,341,Female,"White, Tess",16208,North East Scotland,2021-05-06T00:00:00,,Current,,Resignation effective from 12.01am 31 Aug 2007
202,342,Female,"Villalba, Mercedes",16209,North East Scotland,2021-05-06T00:00:00,,Current,,Replaced Stefan Tymkewycz
203,346,Male,"Hoy, Craig",16210,South Scotland,2021-05-06T00:00:00,,Current,,
204,347,Female,"Mochan, Carol",16211,South Scotland,2021-05-06T00:00:00,,Current,,BBC
205,348,Female,"Dowey, Sharon",16212,South Scotland,2021-05-06T00:00:00,,Current,,
206,349,Male,"Whitfield, Martin",16213,South Scotland,2021-05-06T00:00:00,,Current,,BBC
207,354,Female,"Webber, Sue",16214,Lothian,2021-05-06T00:00:00,,Current,,elected 06 may 1999
208,355,Female,"Slater, Lorna",16215,Lothian,2021-05-06T00:00:00,,Current,,"elected 06 may 1999, did not stand for re-election"
209,356,Male,"Choudhury, Foysol",16216,Lothian,2021-05-06T00:00:00,,Current,,
210,300,Male,"MacGregor, Fulton",5596,Central Scotland,2021-05-07T00:00:00,,Current,,Replaced Bashir Ahmad